id,utr_id,utr_note,utr_seq,seq_length,syn_method,target_gene,syn_status
1,5-1,Rhegen-BR-UTR-2021001-NCA-7d,GGCAAAAATCAAAATCAATCATCATCACAACATCAACAATCAATCATCAACACATCATCAAGACACCACC,70,引物合成,d2eGFP,已合成
2,5-2,Rhegen-BR-UTR-2021003-S27a-45’,GGGAGGAAAGAATCGCATCGGCTGTATAAGAAAGCCTTTTGAGGCATTTTTTTTAGTTGAGCACATCATTTCGAGGCCATTCTGAGGTAAACCGAGAAAAGAGCGTAAAGAAACCGAGCGAACGAGCAAATCTGGCACTGCGTTAGACAGCCGCGATTCCGCTGCAGCGCGCAGGCACGTGTGTGGCCGCCTAAGGGGCGGGTCCTTCGGCCAGGAGACCCCGTCGGCCACGCTCGGATCTTCCTTTCCGATCCGCCATCGTGGGTGGAGCCGCCGCCACG,281,基因合成,d2eGFP,已合成
3,5-3,Rhegen-BR-UTR-2021002-S27a-45,GGGAGGAAAGCCTCTCTTAATCGCATCGGCTGTATAAGAAAGCCTTTTGAGGCATTTTTTTTAGTTGAGCACATCATTTCGAGGCCATTCTGAGGTAAACCGAGAAAAGAGCGTAAAGAAACCGAGCGAACGAGCAAATCTGGCACTGCGTTAGACAGCCGCGATTCCGCTGCAGCGCGCAGGCACGTGTGTGGCCGCCTAAGGGGCGGGTCCTTCGGCCAGGAGACCCCGTCGGCCACGCTCGGATCTTCCTTTCCGATCCGCCATCGTGGGTGGAGCCGCCGCCACG,289,基因合成,d2eGFP,已合成
4,5-4,Rhegen-BR-UTR-2021004-S27a-44,GGGTTTCCGATCCGCCATCGTGGGTGAGTGTATGCTCTGTGGCCGCGCTCTGGCTAGTGGCGCTACGCGTCGCTCTCACGGGTGTCGTCGGATCTAATCCGTCTCTTTTCGAATGCAGGTGGAGCCGCCGCCACG,135,基因合成,d2eGFP,已合成
5,5-5,Rhegen-BR-UTR-2021005-S27a-44’,GGGGATCCGCCATCGTGGGTGAGTGTATGCTCTGTGGCCGCGCTCTGGCTAGTGGCGCTACGCGTCGCTCTCACGGGTGTCGTCGGATCTAATCCGTCTCTTTTCGAATGCAGGTGGAGCCGCCGCCACG,130,基因合成,d2eGFP,已合成
6,5-6,Rhegen-BR-UTR-2021007-NCA-5,GGAAACACATAAACATAAACATAACACACAACAAACACATACAACACAAACACAACACAAAACAGCCACC,70,引物合成,d2eGFP,已合成
7,5-7,Rhegen-BR-UTR-2021008-NCA-7,GGAAACACAATAACATAATCATACTACACAACTAACACATACATCACATACACATCACATAACAGCCACC,70,引物合成,d2eGFP,已合成
8,5-8,Rhegen-BR-UTR-2021009-NCA-8,GGCTACACACTCTCACTCTCATCACTCACTACTCACTCTCTCATCACTCTCACATCACATCACTGCCACC,70,引物合成,d2eGFP,已合成
9,5-9,Rhegen-BR-UTR-2021010-NCA-8d,GGCATCACACTCTCACTCTCATCTCAACACTCCTCCTCATTCCAATCTCTCACACATCCCATTAGCCACC,70,引物合成,d2eGFP,已合成
10,5-10,Rhegen-BR-UTR-2021006-70nt,GGGAAGAGATAAACATAAACATAAACGACAAGAAACACATACAAAAGAAACAGGACAGAAAACAGCCACC,70,引物合成,d2eGFP,已合成
11,5-11,5-UTR CYAB,CGCGCCTAGCAGTGTCCCAGCCGGGTTCGTGTCGCC,36,引物合成,d2eGFP,已合成
12,5-12,Rhegen-BR-UTR-2021011-HSD17B4,ATTCCCCGCCTCCTCCTGTCCCGCAGTCGGCGTCCAGCGGCTCTGCTTGTTCGTGTGTGTGTCGTTGCAGGCCTTATTCATGGGCTCACCGCTGAGGTTCGACGGGCGGGTGGTACTGGTCACCGGCGCGGGGGCAGGTGAGCATGCGAAGGTTGGAGGCCGCGCCCCTTGCTGAGGCGCAGCTGGCTGCTCTTTTCGGGCCGGCATACGCGCGCAGCCGCAGCTGAGGTCACCCCGCTGAGGTGGTGGGGAGGGGA,257,基因合成,d2eGFP,已合成
13,5-13,5-UTR-hAG,GGGAGACTCTTCTGGTCCCCACAGACTCAGAGAGAAC,37,引物合成,d2eGFP,已合成
14,5-14,U10,GGGCGCTCGAGCAGGTTCAGAAGGAGATCAAAAACCCCCAAGGATCAAAC,50,引物合成,d2eGFP,未知状态
15,5-15,U3,GGGAGACTGCCACCATG,17,引物合成,d2eGFP,已合成
16,5-16,U5,GGGAGACTGCCAAGATG,17,引物合成,d2eGFP,已合成
17,5-17,5-UTR- hCMV,"GGAGACGCCATCCACGCTGTTTTGAC
CTCCATAGAAGACACCGGGACCGATC
CAGCCTCCGCGGCCGGGAACGGTGC
ATTGGAACGCGGATTCCCCGTGCCAA
GAGTGACTCACCGTCCTTGACAC",130,基因合成,d2eGFP,未知状态
18,5-18,HSD17B4S,GGGTCCCGCAGTCGGCGTCCAGCGGCTCTGCTTGTTCGTGTGTGTGTCGTTGCAGGCCTTATTCAAGCTTGAGG,74,引物合成,d2eGFP,未知状态
19,5-19,5-UTR DECR1,ACGCCGCCTGGGTCCCAGTCCCCGTCCCATCCCCCGGCGGCCTAGGCAGCGTTTCCAGCCCCGAGAACTTTGTTCTTTTTGTCCCGCCCCCTGCGCCCAACCGCCTGCGCCGCCTTCC GGCCCGAGTTCTGGAGACTCAAC,142,基因合成,d2eGFP,未知状态
20,5-20,5-UTR GMFG,GTTGGATGAAACCTTCCTCCTACTGCACAGCCCGCCCCCCTACAGCCCCGGTCCCCACGCCTAGAAGACAGCGGAACTAAGAAAAGAAGAGGCCTGTGGACAGAACAATC,110,基因合成,d2eGFP,未知状态
21,5-21,5-UTR MAPBPIP,GGTGGGGCGGGGTTGAGTCGGAACCACAATAGCCAGGCGAAGAAACTACAACTCCCAGGGCGTCCCGGAGCAGGCCAACGGGACTACGGGAAGCAGCGGGCAGCGGCCCGCGGGAGGCACCTCGGAGATCTGGGTGCAAAAGCCCAGGGTTA GGAACCGTAGGC,165,基因合成,d2eGFP,未知状态
22,5-22,5-UTR MYL6B,GGCCACCGGAATTAACCCTTCAGGGCTGGGGGCCGCGCTATGCCCCGCCCCCTCCCCAGCCCCAGACACGGACCCCGCAGGAGATGGGTGCCCCCATCCGCACACTGTCCTTTGGCC ACCGGACATC,128,基因合成,d2eGFP,未知状态
23,5-23,5-UTR -AG,GGGACUCUUCUGGUCCCCACAGACUCAGAGAGAACCCACC,40,引物合成,d2eGFP,未知状态
24,5-24,5-UTR-AG+G,GGGACUCUUCUGGUCCCCACAGACUCAGAGAGAACGCCACC,41,引物合成,d2eGFP,未知状态
25,5-25,5-UTR- MOD1,GGGAAAUAAGAGAGAAAAGAAGAGUAAGAAGAAAUAUAAGAGCCACC,47,引物合成,d2eGFP,未知状态
26,5-26,natUTR3,"CTACAGAAACGAAAGAAAAAGTCTGTATAAGCCAAAGGTGTTCGGGAAGAAAATAAC
CCCATTGCCTTGAGTTTGTAGGTGCCACTACTACTCTGGAAAA",101,基因合成,d2eGFP,未知状态
27,5-27,ref3,"GGGAGACAAAAAAAAAAAAAAAAAA
AA",28,引物合成,d2eGFP,未知状态
28,5-28,ref4,"GGGAGACCATATTGAAGAGACAGAG
TGATATATAAAACTGCTAA",45,引物合成,d2eGFP,未知状态
29,5-29,ref5,GGGAGACAAAACTGCTAA,18,引物合成,d2eGFP,未知状态
30,5-30,HIST1H1C-5UTR,AGGCGCTGCTTCATCGGCGTTTTGCCACTTGTACCCGAGTTGTTGATTCTCAAT,54,引物合成,d2eGFP,未知状态
31,5-31,HIST1H1C-5UTR-1,AGGCGCTGCTTCATCGGCGTTTTGCCACTTGTACCCGAGTTGTTGATTCTCAAT,54,引物合成,d2eGFP,未知状态
32,5-32,H2afv -5UTR,TGTCTGGCGGCTCCTGAGGCGGGTCGGGCGCGGCGGCGGCTCTGGGGCTCGGACGGCGGCGGCGGCACC,69,引物合成,d2eGFP,未知状态
33,5-33,Rab11b -5UTR,GTCGGGTGTTTGTGGTGGGGCTGCGGAGTCGCCGATCCCGCCGGAAGCGCCAGGACA,57,引物合成,d2eGFP,未知状态
34,5-34,HIST1H1C-5UTR-P,ATTTTGCCACTTGTACCCGAGTTTTTGATTCTCAAC,36,引物合成,d2eGFP,未知状态
35,5-35,HIST1H1C-5UTR-1-P,ATGCTTCATCGGCGTTTTGCCACTTGTACCCGAGTTGTTGATTCTCAAT,49,引物合成,d2eGFP,未知状态
36,5-36,H2afv -5UTR-P,TGTCTTCCTGAGGCGGGTCGGGCGCGGCGGCGGCTCTGGGGCTCGGACGGCGGCGGCGGCACC,63,引物合成,d2eGFP,未知状态
37,5-37,Rab11b -5UTR-P,GTTGTTTGTGGTGGGGCTGCGGAGTCGCCGATCCCGCCGGAAGCGCCAGGACA,53,引物合成,d2eGFP,未知状态
38,5-38,NeoUTR1,"CATTCTGTGGTCTGATCATCCTGTGGTTTCGTCGCCGCCATCCTCGTCGCGACACGCTG
TTTTCGGTTCTCGGCCCGACGAGCCATCGCCATCCTACAGC",101,基因合成,d2eGFP,未知状态
39,5-39,NeoUTR2,"CACTCGCGCTGCCATCACTCTTCCGCCGTCTTCGCCGCCATCCTCGGCGCGACTCGCTT
CTTTCGGTTCTACCAGGTAGAGTCCGCCGCCATCCTCCACC",101,基因合成,d2eGFP,未知状态
40,5-40,NeoUTR3,"CTTGTCTCGCTCCGGGGAACGCTCGGAAACTCCCGGCCGCCGCCACCCGCGTCTGTTC
TGTTACACAAGGGAAGAAAAGCCGCTGCCGCACTCCGAGTGT",101,基因合成,d2eGFP,未知状态
41,5-41,Chimeric,"GTAAGTATCAAGGTTACAAGACAGGTTTAAGGAGGCCAATAGAAACTGGGCTTGTCGA
GACAGAGAAGATTCTTGCGTTTCTGATAGGCACCTATTGGTCTTACTGACATCCACTTTG
CCTTTCTCTCCACAG",135,基因合成,d2eGFP,未知状态
42,5-42,TM,"CGTTTAGTGAACCGTCAGATCCTCACTCTCTTCCGCATCGCTGTCTGCGAGGGCCAGCTG
TTGGGCTCGCGGTTGAGGACAAACTCTTCGCGGTCTTTCCAGTACTCTTGGATCGGAAA
CCCGTCGGCCTCCGAACGGTACTCCGCCACCGAGGGACCTGAGCGAGTCCGCATCGACC
GGATCGGAAAACCTCTCGAGAAAGGCGTCTAACCAGTCACAGTCGCAAGGTAGGCTGA
GCACCGTGGCGGGCGGCAGCGGGTGGCGGTCGGGGTTGTTTCTGGCGGAGGTGCTGCTG
ATGATGTAATTAAAGTAGGCGGTCTTGAGACGGCGGATGGTCGAGGTGAGGTGTGGCA
GGCTTGAGATCCAGCTGTTGGGGTGAGTACTCCCTCTCAAAAGCGGGCATTACTTCTGC
GCTAAGATTGTCAGTTTCCAAAAACGAGGAGGATTTGATATTCACCTGGCCCGATCTGG
CCATACACTTGAGTGACAATGACATCCACTTTGCCTTTCTCTCCACAGGTGTCCACTCCC
AGGTCCAA",548,基因合成,d2eGFP,未知状态
43,5-43,intronA,"GTAAGTACCGCCTATAGACTCTATAGGCACACCCCTTTGGCTCTTATGCATGCTATACTG
TTTTTGGCTTGGGGCCTATACACCCCCGCTTCCTTATGCTATAGGTGATGGTATAGCTTA
GCCTATAGGTGTGGGTTATTGACCATTATTGACCACTCCCCTATTGGTGACGATACTTTC
CATTACTAATCCATAACATGGCTCTTTGCCACAACTATCTCTATTGGCTATATGCCAATA
CTCTGTCCTTCAGAGACTGACACGGACTCTGTATTTTTACAGGATGGGGTCCCATTTATT
ATTTACAAATTCACATATACAACAACGCCGTCCCCCGTGCCCGCAGTTTTTATTAAACAT
AGCGTGGGATCTCCACGCGAATCTCGGGTACGTGTTCCGGACATGGGCTCTTCTCCGGT
AGCGGCGGAGCTTCCACATCCGAGCCCTGGTCCCATGCCTCCAGCGGCTCATGGTCGCT
CGGCAGCTCCTTGCTCCTAACAGTGGAGGCCAGACTTAGGCACAGCACAATGCCCACCA
CCACCAGTGTGCCGCACAAGGCCGTGGCGGTAGGGTATGTGTCTGAAAATGAGCGTGG
AGATTGGGCTCGCACGGCTGACGCAGATGGAAGACTTAAGGCAGCGGCAGAAGAAGAT
GCAGGCAGCTGAGTTGTTGTATTCTGATAAGAGTCAGAGGTAACTCCCGTTGCGGTGCT
GTTAACGGTGGAGGGCAGTGTAGTCTGAGCAGTACTCGTTGCTGCCGCGCGCGCCACCA
GACATAATAGCTGACAGACTAACAGACTGTTCCTTTCCATGGGTCTTTTCTGCAG",839,基因合成,d2eGFP,未知状态
44,5-44,NeoUTR1-3,"CATTCTGTGGTCTGATCATCCTGTGGTTTCGTCGCCGCCATCCTCGTCGCGACACGCTGCTTGTCTCGCTCCGGGGAACGCTCGGAAACTCCCGGCCGCCGCCACCCGCGTCTGTTC
TTTTCGGTTCTCGGCCCGACGAGCCATCGCCATCCTACAGC",159,基因合成,d2eGFP,未知状态
45,5-45,NeoUTR2-3,"CACTCGCGCTGCCATCACTCTTCCGCCGTCTTCGCCGCCATCCTCGGCGCGACTCGCTTCTTGTCTCGCTCCGGGGAACGCTCGGAAACTCCCGGCCGCCGCCACCCGCGTCTGTTC
CTTTCGGTTCTACCAGGTAGAGTCCGCCGCCATCCTCCACC",159,基因合成,d2eGFP,未知状态
46,5-46,NeoUTR3-2,"CTTGTCTCGCTCCGGGGAACGCTCGGAAACTCCCGGCCGCCGCCACCCGCGTCTGTTCCACTCGCGCTGCCATCACTCTTCCGCCGTCTTCGCCGCCATCCTCGGCGCGACTCGCTT
TGTTACACAAGGGAAGAAAAGCCGCTGCCGCACTCCGAGTGT",160,基因合成,d2eGFP,未知状态
47,5-47,NeoUTR2-3deCG,CACTATCACTCTTTCTTATCCTACTCGCTTCTTGTCTCGCTAACGCTCGGAAACTAGTCTGTTCCTTTCGGTTCTACCAGGTAGAGTCATCCTCCACC,98,基因合成,d2eGFP,未知状态
48,5-48,NeoUTR3×2,"CTTGTCTCGCTCCGGGGAACGCTCGGAAACTCCCGGCCGCCGCCACCCGCGTCTGTTCCTTGTCTCGCTCCGGGGAACGCTCGGAAACTCCCGGCCGCCGCCACCCGCGTCTGTTC
TGTTACACAAGGGAAGAAAAGCCGCTGCCGCACTCCGAGTGT",159,基因合成,d2eGFP,未知状态
49,5-49,natUTR1,"GCATTCCAACCTTCCAGCCTGCGACCTGCGGAGAAAAAAAATTACTTATTTTCTTGCC
CCATACATACCTTGAGGCGAGCAAAAAAATTAAATTTTAACC",101,基因合成,d2eGFP,未知状态
50,5-50,natUTR2,"GCCGGTGGCGGCAGGATACAGCGGCTTCTGCGCGACTTATAAGAGCTCCTTGTGCGGC
GCCATTTTAAGCCTCTCGGTCTGTGGCAGCAGCGTTGGCCCG",101,基因合成,d2eGFP,未知状态
51,3-1,"3'hBg",TTACTCGAGAGCTCGCTTTCTTGCTGTCCAATTTCT,36,引物合成,d2eGFP,已合成
52,3-2,27a+R3U,TTGTGTATGCGTTAATAAAAAGAAGGAACTCGTAAAAACTCAATGTATTTCTGAGGAAGCGTGGTGCATAATGCCACGCAGCGTCTGCATAACTTTTATTATTTCTTTTATTAATCAACAAA,122,基因合成,d2eGFP,已合成
53,3-3,AAT,CTGCCTCTCGCTCCTCAACCCCTCCCCTCCATCCCTGGCCCCCTCCCTGGATGACATTAAAGAAGGGTTGAGCTGGTCCCTGCCTGCATGTGACTGTAAA,100,基因合成,d2eGFP,已合成
54,3-4,"3'CYBA",CCTCGCCCCGGACCTGCCCTCCCGCCAGGTGCACCCACCTGCAATAAATGCAGCGAAGCCGGGA,64,引物合成,d2eGFP,已合成
55,3-5,HCV,AGGTTGGGGTAAACACTCCGGCCTCTTAAGCCATTTCCTGTTTTTTTTCTTTCCTTTCCTTCTTTTTTTCCTTTCTTTTTCCCTTCTTTAATGGTGGCTCCATCTTAGCCCTAGTCACGGCTAGCTGTGAAAGGTCCGTGAGCCGCATGACTGCAGAGAGTGCTGATACTGGCCTCTCTGCAGATCATGT,190,基因合成,d2eGFP,已合成
56,3-6,"3'PSMB3",CCCTGTTCCCAGAGCCCACTTTTTTTTCTTTTTTTGAAATAAAATAGCCTGTCTTTCA,58,引物合成,d2eGFP,已合成
57,3-7,s27a+ARE,TTGTGTATGCGTTAATAAAAAGAAGGAACTCGTATATGTCTGTTTTTGTATCTTTATGCTGTATTTTAACACTTTGTATTACTTAGGTTATT,92,基因合成,d2eGFP,已合成
58,3-8,s27a+EMCV,TTGTGTATGCGTTAATAAAAAGAAGGAACTCGTAATAAGATACACCTGCAAAGGCGGCACAACCCCAGTGCCACGTTGTGAGTTGGATAGTTGTGGAAAGAGTCAAATGGCTCTCCTCAAGCGTATTCAACAAGGGGCTGAAGGATGCCCAGAAGGTACCCCATTGTATGGGATCTGATCTGGGGCCTCGGTGCACATGCTTTACATGTGTTTAGTCGAGGTTAAAAAACGTCTAGGCCCCCCGAACCACGGGGACGTGGTTTTCCTTTGAAAAACACGATGATAAT,287,基因合成,d2eGFP,已合成
59,3-9,s27a+FMDV,TTGTGTATGCGTTAATAAAAAGAAGGAACTCGTACAGCAGGTTTCCCCAACTGACACAAAACGTGCAACTTGAAACTCCGCCTGGTCTTTCCAGGTCTAGAGGGGTAACACTTTGTACTTGGTGACAGGCTAAGGATGCCCTTCAGGTACCCCGAGGTAACACGCGACACTCGGGATCTGAGAAGGGGACTGGGGCTTCTATAAAAGCGCTCGGTTTAAAAAGCTTCTATGCCTGAATAGGTGACCGGAGGTCGGCACCTTTCCTTTACAATTAATGACCCT,282,基因合成,d2eGFP,已合成
60,3-10,s27a+QRE1,TTGTGTATGCGTTAATAAAAAGAAGGAACTCGTAGCCGTAACCACGTCTACTAACGCC,58,引物合成,d2eGFP,已合成
61,3-11,s27a+QRE2,TTGTGTATGCGTTAATAAAAAGAAGGAACTCGTAAACTCCAGGACTGTATTTGTGACTAATTGTATAACAGGTT,74,引物合成,d2eGFP,已合成
62,3-12,TF,AATCTCAGAGGTAGGGCTGCCACCAAGGTGAAGATGGGAACGCAGATGATCCATGAGTTTGCCCTGGTTTCACTGGCCCAAGTGGTTTGTGCTAACCACGTCTGTCTTCACAGCTCTGTGTTGCCATGTGTGCTGAACAAAAAATAAAAATTATTATTGATTTTATATTTCAAAAACTCCATTCTTTCCTAAATATTTTCAACAAAGGATTTCTTTATGCATTCTGCCTAAATACCTATGCAACTGAGCCCTTCCTTCTCAGCTCAAGATTCGTCTGGTCTTTCCCTACAGCTTTGTGTGTGCCATGGCCACATCTCCTGGGTACAGTTCAAGGAGACATCTTTTCTAAAAGGGTCTGCGTGATCATTAAAATATAATCAAATGTA,386,基因合成,d2eGFP,已合成
63,3-13,2×3‘hBg（h-t-h）,TTACTCGAGAGCTCGCTTTCTTGCTGTCCAATTTCTAGAAATTGGACAGCAAGAAAGCGAGCTCTCGAGTAA,72,引物合成,d2eGFP,已合成
64,3-14,mtRNR1,CAAGCACGCAGCAATGCAGCTCAAAACGCTTAGCCTAGCCACACCCCCACGGGAAACAGCAGTGATTAACCTTTAGCAATAAACGAAAGTTTAACTAAGCTATACTAACCCCAGGGTTGGTCAATTTCGTGCCAGCCACACC,142,基因合成,d2eGFP,已合成
65,3-15,DNAJC4,GGccAGGccCCTTCCCTCTGCCCCCGGGTGCTTGAAGTCTAGCCCCATCCTGGTCCAATGCGCTCTTGGTAGCcTCCTTTCCCAGCTGCCCGCCCGCCGCCATGCCGCCCTTACTGCCCCTGCGCCTGTGCCGGCTGTGGCCCCGCAACCCTCCCTCCCGGCTCCTCGGA,170,基因合成,d2eGFP,已合成
66,3-16,FCGRT,TGCCCGTCCTCACCAAGACTGACTGCCTGCTGCTTTGCTACTGCCCGGGCCCATGAGACTGACTTCCCACTGcTCTGccTGCcTCTCccCACTGCACTGGCACAGCcCCGCCTTGCCGCTGCTGATCCATTGCCGGTGTGACC,143,基因合成,d2eGFP,已合成
67,3-17,MRS2,CTGCTGCCTGCTTCTTGCTCCAGCACCATGGAATGCCTGCGCAGTTTACCCTGCCTCCTGCCCCGCGCGATGAGACTTCCCCGGCGGACGCTGTGTGCCCTGGCCTTGGACGTGACCTCTGTGGGTCCTCCCGTTGCTGCCT,142,基因合成,d2eGFP,已合成
68,3-18,LSP1,TTCCAGCCAGACACCCGCCCCCCGGCCCTGGCTAAGAAGTTGCTTCCTGTTGCCAGCATGACCTACCCTCGcCTCTTTGATGCCATCCGCTGCCACCTCCTTTTGCTCCTGGACCCTTTAGCCTCTCTGCcCTTCCACTCTCTGACCCC,149,基因合成,d2eGFP,已合成
69,3-19,CCL22,GCCTTGGCTCCTCCAGGAAGGCTCAGGAGCCCTACCTCCCTGCCATTATAGCTGCTCCCCGCCAGAAGCCTGTGCCAACTCTCTGCATTCCCTGATCTCCATCCCTGTGGCTGTCACCCTTGGTCACCTCCGTGCTGTCACTGCCATCTCCCCCC,155,基因合成,d2eGFP,已合成
70,3-20,AES,CTGGTAcTGCATGcAcGCAATGCTAGCTGCCCcTTTCCCGTCCTGGGTACCCCGAGTCTCCCCCGACCTCGGGTCCCAGGTATGCTCCCACCTCCACCTGCCCCACTCACCACCTCTGCTAGTTCCAGACAccTCC,136,基因合成,d2eGFP,已合成
71,3-21,PLD3,CTGACAGCGTGGGCAACGCCTGCCGCCTGCTCTGAGGCCCGATCCAGTGGGCAGGCCAAGGCCTGCTGGGCCCCCGCGGACCCAGGTGCTCTGGGTCACGGTCCCTGTCCCCGCACCCCCGCTTCTGTCTGCCCCATTGTGGCTCCTCAGGCTCTCTCCCCTGCTCTCCCACCTCTACCTCCACCCCCAC,190,基因合成,d2eGFP,已合成
72,3-22,Rab11b+R3U,CCCCTGCGCCTCCACCCAGCGTGCGTGCACGTCCTCCGCCCGCCCCCGCCACGGTATCCTCTGGCCCCTCCCTGCTGTCCCTCTGTGGCCGGCTCGTTCCAGCCCTCCCAGTGAGCTCTGCACGGCCGGGCCGGGGCCCAGGAAGGACAGGAGCCAGTGCTACCCCGTCCTGCCCGGGGAAAAGCTAGAAGCCCCGGTTTGCTGCACCCATGAAACTCGGGTCCCCACAGCGTCTTGGCGGGGTGGGGAGGGCGGCAGGATGGACGGGGCTGGCCAGAGGCGAGGAGGACGGGCGGACGGCGCCGCCTTCTCCCCTTTTCCTTGGCCGACTCTAGGGAGCGATTGCCTCCCTCCCTCCGTGACCGGGTGGCCCAGCCAGCCCGTCGTCCCCACCCAGAACCGTGCTCTGGGCCAAAGCCCGAAGAACCAGGCAGCGGGGGCCGGGGCAGGCGGACCCCCCGGGCTCTCAGCGCCCACCCGCTCCTCCGCACACAGCAGCTCGCACAGGCCTCCCACCTCTGCCTGTTGATTGATGCAGGGAGAAGCCCGTCCCCCCCTCTCCCCTCTCCCCTCCCCTCTCCTGCACGCAACGCGCCCTCTCGGCCCTCCCTGTCCCCCTCCTCTGTCTCGTCTCCCCATCTGGTCTGGAACCTGTTTGCAAGTGAAGCAATATCTCCGTGTTTTGTATATACAACCGCTCTTGTAGCCTTTGGTTTTTGTTAATGTAGAGAAACACAGATTCTTTATACACTTTGTAAGATTTACGCCAAACCCCAGCTCTCGATCTCTTCTTCTCCCTGTGGCCCCTGCGCTGTTGCCCCGTCCCCGTCACCCCGCCCGTTACTGAAATGTATAATCTGACTTCCTGTACAGAAAAAAACTCAATGTATTTCTGAGGAAGCGTGGTGCATAATGCCACGCAGCGTCTGCATAACTTTTATTATTTCTTTTATTAATCAACAAA,964,基因合成,d2eGFP,未知状态
73,3-23,HLA-DRB4,CTTTGCAGGATGAAACACTTCCCCGCTTGGCTCTCATTCTTCCACAAGAGAGACCTTTCTCCGGACCTGGTTGCTACTGGTTCAGCAACTCTGCAGAAAATGTCCTCCCCTGTGGCTGCCTCAGCTCATGCCTTTGGCCTGAAGTCCCAGCATTGATGGCAGCCCCTCATCTTCCAAGTTTTGTGCTCCCCTTTACCTAACGCTTCCTGCCTCCCATGCATCTGTACTCCTCC,233,基因合成,d2eGFP,未知状态
74,3-24,CCDC124,CCTTGAGCTTGGAGTCCTCCTCCTCCAGTAGGCGCTGCGTCTCCTTCTTACGTTCCAGCTGGTCGAGGCGCCGCTTCTCcTTCTCcTccTTGCGCTGCTCCTTcCTCATGACGTGTTTGTCGTCGTCcTTCCAGTAGGCATCcTCCAGCTCCTTCTGCTTCTTGGCATCA,170,基因合成,d2eGFP,未知状态
75,3-25,mtRNR1+AES（h-t-h）,CAAGCACGCAGCAATGCAGCTCAAAACGCTTAGCCTAGCCACACCCCCACGGGAAACAGCAGTGATTAACCTTTAGCAATAAACGAAAGTTTAACTAAGCTATACTAACCCCAGGGTTGGTCAATTTCGTGCCAGCCACACCGGAggTGTCTGGAACTAGCAGAGGTGGTGAGTGGGGCAGGTGGAGGTGGGAGCATACCTGGGACCCGAGGTCGGGGGAGACTCGGGGTACCCAGGACGGGAAAgGGGCAGCTAGCATTGCgTgCATGCAgTACCAG,278,基因合成,d2eGFP,未知状态
76,3-26,AES+mtRNR1（h-t-h）,CTGGTAcTGCATGcAcGCAATGCTAGCTGCCCcTTTCCCGTCCTGGGTACCCCGAGTCTCCCCCGACCTCGGGTCCCAGGTATGCTCCCACCTCCACCTGCCCCACTCACCACCTCTGCTAGTTCCAGACAccTCCGGTGTGGCTGGCACGAAATTGACCAACCCTGGGGTTAGTATAGCTTAGTTAAACTTTCGTTTATTGCTAAAGGTTAATCACTGCTGTTTCCCGTGGGGGTGTGGCTAGGCTAAGCGTTTTGAGCTGCATTGCTGCGTGCTTG,278,基因合成,d2eGFP,未知状态
77,3-27,mtRNR1+hBg（h-t-h）,CAAGCACGCAGCAATGCAGCTCAAAACGCTTAGCCTAGCCACACCCCCACGGGAAACAGCAGTGATTAACCTTTAGCAATAAACGAAAGTTTAACTAAGCTATACTAACCCCAGGGTTGGTCAATTTCGTGCCAGCCACACCAGAAATTGGACAGCAAGAAAGCGAGCTCTCGAGTAA,178,基因合成,d2eGFP,未知状态
78,3-28,hBg+mtRNR1（h-t-h）,TTACTCGAGAGCTCGCTTTCTTGCTGTCCAATTTCTGGTGTGGCTGGCACGAAATTGACCAACCCTGGGGTTAGTATAGCTTAGTTAAACTTTCGTTTATTGCTAAAGGTTAATCACTGCTGTTTCCCGTGGGGGTGTGGCTAGGCTAAGCGTTTTGAGCTGCATTGCTGCGTGCTTG,178,基因合成,d2eGFP,未知状态
79,3-29,"2×3'CYBA（h-t-h）",CCTCGCCCCGGACCTGCCCTCCCGCCAGGTGCACCCACCTGCAATAAATGCAGCGAAGCCGGGATCCCGGCTTCGCTGCATTTATTGCAGGTGGGTGCACCTGGCGGGAGGGCAGGTCCGGGGCGAGG,128,基因合成,d2eGFP,未知状态
80,3-30,Hgh,"CGGGTGGCATCCCTGTGACCCCTC
CCCAGTGCCTCTCCTGGCCCTGGA
AGTTGCCACTCCAGTGCCCACCAG
CCTTGTCCTAATAAAATTAAGTTGC
ATC",104,基因合成,d2eGFP,未知状态
81,3-31,ALB,GACTAGTGCATCACATTTAAAAGCATCTCAGCCTACCATGAGAATAAGAGAAAGAAAATGAAGATCAATAGCTTATTCATCTCTTTTTCTTTTTCGTTGGTGTAAAGCCAACACCCTGTCTAAAAAACATAAATTTCTTTAATCATTTTGCCTCTTTTCTCTGTGCTTCAATTAATAAAAAATGGAAAGAACCT,194,基因合成,d2eGFP,未知状态
82,3-32,2×3‘hBg（h-t-t）,TTACTCGAGAGCTCGCTTTCTTGCTGTCCAATTTCTTTACTCGAGAGCTCGCTTTCTTGCTGTCCAATTTCT,72,引物合成,d2eGFP,未知状态
83,3-33,"2×3'CYBA（h-t-t）",CCTCGCCCCGGACCTGCCCTCCCGCCAGGTGCACCCACCTGCAATAAATGCAGCGAAGCCGGGACCTCGCCCCGGACCTGCCCTCCCGCCAGGTGCACCCACCTGCAATAAATGCAGCGAAGCCGGGA,128,基因合成,d2eGFP,未知状态
84,3-34,mtRNR1+AES（h-t-t）,CAAGCACGCAGCAATGCAGCTCAAAACGCTTAGCCTAGCCACACCCCCACGGGAAACAGCAGTGATTAACCTTTAGCAATAAACGAAAGTTTAACTAAGCTATACTAACCCCAGGGTTGGTCAATTTCGTGCCAGCCACACCCTGGTAcTGCATGcAcGCAATGCTAGCTGCCCcTTTCCCGTCCTGGGTACCCCGAGTCTCCCCCGACCTCGGGTCCCAGGTATGCTCCCACCTCCACCTGCCCCACTCACCACCTCTGCTAGTTCCAGACAccTCC,278,基因合成,d2eGFP,未知状态
85,3-35,AES+mtRNR1（h-t-t）,CTGGTAcTGCATGcAcGCAATGCTAGCTGCCCcTTTCCCGTCCTGGGTACCCCGAGTCTCCCCCGACCTCGGGTCCCAGGTATGCTCCCACCTCCACCTGCCCCACTCACCACCTCTGCTAGTTCCAGACAccTCCCAAGCACGCAGCAATGCAGCTCAAAACGCTTAGCCTAGCCACACCCCCACGGGAAACAGCAGTGATTAACCTTTAGCAATAAACGAAAGTTTAACTAAGCTATACTAACCCCAGGGTTGGTCAATTTCGTGCCAGCCACACC,278,基因合成,d2eGFP,未知状态
86,3-36,mtRNR1+hBg（h-t-t）,CAAGCACGCAGCAATGCAGCTCAAAACGCTTAGCCTAGCCACACCCCCACGGGAAACAGCAGTGATTAACCTTTAGCAATAAACGAAAGTTTAACTAAGCTATACTAACCCCAGGGTTGGTCAATTTCGTGCCAGCCACACCTTACTCGAGAGCTCGCTTTCTTGCTGTCCAATTTCT,178,基因合成,d2eGFP,未知状态
87,3-37,hBg+mtRNR1（h-t-t）,TTACTCGAGAGCTCGCTTTCTTGCTGTCCAATTTCTCAAGCACGCAGCAATGCAGCTCAAAACGCTTAGCCTAGCCACACCCCCACGGGAAACAGCAGTGATTAACCTTTAGCAATAAACGAAAGTTTAACTAAGCTATACTAACCCCAGGGTTGGTCAATTTCGTGCCAGCCACACC,178,基因合成,d2eGFP,未知状态
88,3-38,"3'hAG",GCCCGATGGGCCTCCCAACGGGCCCTCCTCCCCTCCTTGCACCG,44,引物合成,d2eGFP,未知状态
89,3-39,DECR1,GACCACTTTGGCCTTCATCTTGGTTACAGAAAAGGGAATAGAAATGAAACAAATTATCTCTCATCTTTTGACTATTTCAAGTCTAATAAATTCTTAATTAAC,102,基因合成,d2eGFP,未知状态
90,3-40,GMFG,TCTCTGGGCTGGGGACTGAATTCCTGATGTCTGAGTCCTCAAGGTGACTGGGGACTTGGAACCCCTAGGACCTGAACAACCAAGACTTTAAATAAATTTTAAAATGCAAAAACTCGGA,118,基因合成,d2eGFP,未知状态
91,3-41,MAPBPIP,CGGCATTGGTGGAAGCTGGGGTCAGAAAAGAGAAATGACCATTTGGAGGGGCGGGGCCTCCTAGAAGAACCTTCTTAGACAATGGGGGGAGGATGGGACTTTGTTTTTTCCAAGAATAAACTTCAACTC CTGTCATGTG,140,基因合成,d2eGFP,未知状态
92,3-42,MYL6B,GTGCTGCAGATCCAGTGGGGTCCGGACACTGGGCCCCGCAGGCGAAAGCACGTTCCAGCCACCAGGAGGCCACCTATTGTTTCAAAATAAAGACTGGGTTCCTCTCTTGGTTTCA,115,基因合成,d2eGFP,未知状态
93,3-43,HIST1H1C,GCGAACGCCTACTTCTAAAACCCAAAAGGCTCTTTTCAGAGCCACCACTGATCTCAATAAAAGAGCTGGATAATTTCTTTACTA,84,基因合成,d2eGFP,未知状态
94,3-44,HIST1H1C-1,GCGAACGCCTACTTCTAAAACCCAAAAGGCTCTTTTCAGAGCCACCA,47,引物合成,d2eGFP,未知状态
95,3-45,H2afv ,AGGGAGCGCGGCTCTGGATCCCCCCGTCGTCGTACTGTACCTGGGCACAGGAACGTCTCGGGGACACCAGGGATTTTTTTTAAGGAATAGTTCAAAGGAAGAGCATAGAGGATTGTCTGTAGAGGAAGCATTGGGATGGGTTTAGGTTCTGAGTAGGACACACCGCGGGCTGTGGGGCGGCAGCTGGGGGTGGGCGAGTGGCTCGGTCGCCCCTGCGTTTTATACAAAAGTGGAACCCATAAACCATTTTTTAC,254,基因合成,d2eGFP,未知状态
96,3-46,Rab11b ,CCCCTGCGCCTCCACCCAGCGTGCGTGCACGTCCTCCGCCCGCCCCCGCCACGGTATCCTCTGGCCCCTCCCTGCTGTCCCTCTGTGGCCGGCTCGTTCCAGCCCTCCCAGTGAGCTCTGCACGGCCGGGCCGGGGCCCAGGAAGGACAGGAGCCAGTGCTACCCCGTCCTGCCCGGGGAAAAGCTAGAAGCCCCGGTTTGCTGCACCCATGAAACTCGGGTCCCCACAGCGTCTTGGCGGGGTGGGGAGGGCGGCAGGATGGACGGGGCTGGCCAGAGGCGAGGAGGACGGGCGGACGGCGCCGCCTTCTCCCCTTTTCCTTGGCCGACTCTAGGGAGCGATTGCCTCCCTCCCTCCGTGACCGGGTGGCCCAGCCAGCCCGTCGTCCCCACCCAGAACCGTGCTCTGGGCCAAAGCCCGAAGAACCAGGCAGCGGGGGCCGGGGCAGGCGGACCCCCCGGGCTCTCAGCGCCCACCCGCTCCTCCGCACACAGCAGCTCGCACAGGCCTCCCACCTCTGCCTGTTGATTGATGCAGGGAGAAGCCCGTCCCCCCCTCTCCCCTCTCCCCTCCCCTCTCCTGCACGCAACGCGCCCTCTCGGCCCTCCCTGTCCCCCTCCTCTGTCTCGTCTCCCCATCTGGTCTGGAACCTGTTTGCAAGTGAAGCAATATCTCCGTGTTTTGTATATACAACCGCTCTTGTAGCCTTTGGTTTTTGTTAATGTAGAGAAACACAGATTCTTTATACACTTTGTAAGATTTACGCCAAACCCCAGCTCTCGATCTCTTCTTCTCCCTGTGGCCCCTGCGCTGTTGCCCCGTCCCCGTCACCCCGCCCGTTACTGAAATGTATAATCTGACTTCCTGTACAGAAA,876,基因合成,d2eGFP,未知状态
97,3-47,FI,CGGACGCAGCACGCAAGCAGCGCCCCTCCCGCCGGGACCCCGAGCCCCCCGACCCGGGCCCAGGAGCCCCACCCCACCGCCcCACCACCAcCCGCAGCcAGACAcCCCCAAGCACGCAGCAAGCAGCCAAAACGCAGCCAGCCACACCCCCACGGGAAACAGCAGGAAACCAGCAAAAACGAAAGAACAAGCAACAACCCCAGGGGGCAACGGCCAGCCACACC,224,基因合成,d2eGFP,未知状态
98,3-48,HIST1H1C-1+R3U,GCGAACGCCTACTTCTAAAACCCAAAAGGCTCTTTTCAGAGCCACCAAAAACTCAATGTATTTCTGAGGAAGCGTGGTGCATAATGCCACGCAGCGTCTGCATAACTTTTATTATTTCTTTTATTAATCAACAAA,135,基因合成,d2eGFP,未知状态
99,3-49,HIST1H1C+R3U,GCGAACGCCTACTTCTAAAACCCAAAAGGCTCTTTTCAGAGCCACCACTGATCTCAATAAAAGAGCTGGATAATTTCTTTACTAAAAACTCAATGTATTTCTGAGGAAGCGTGGTGCATAATGCCACGCAGCGTCTGCATAACTTTTATTATTTCTTTTATTAATCAACAAA,172,基因合成,d2eGFP,未知状态
100,3-50,H2afv+R3U,AGGGAGCGCGGCTCTGGATCCCCCCGTCGTCGTACTGTACCTGGGCACAGGAACGTCTCGGGGACACCAGGGATTTTTTTTAAGGAATAGTTCAAAGGAAGAGCATAGAGGATTGTCTGTAGAGGAAGCATTGGGATGGGTTTAGGTTCTGAGTAGGACACACCGCGGGCTGTGGGGCGGCAGCTGGGGGTGGGCGAGTGGCTCGGTCGCCCCTGCGTTTTATACAAAAGTGGAACCCATAAACCATTTTTTACAAAACTCAATGTATTTCTGAGGAAGCGTGGTGCATAATGCCACGCAGCGTCTGCATAACTTTTATTATTTCTTTTATTAATCAACAAA,342,基因合成,d2eGFP,未知状态